target,predictions
unacc,unacc
unacc,unacc
unacc,unacc
unacc,unacc
unacc,unacc
unacc,unacc
unacc,unacc
unacc,unacc
unacc,unacc
unacc,unacc
unacc,unacc
unacc,unacc
unacc,unacc
unacc,unacc
unacc,unacc
unacc,unacc
unacc,unacc
unacc,unacc
unacc,unacc
unacc,unacc
unacc,unacc
unacc,unacc
unacc,unacc
unacc,unacc
unacc,unacc
unacc,unacc
unacc,unacc
unacc,unacc
unacc,unacc
unacc,unacc
unacc,unacc
unacc,unacc
unacc,unacc
unacc,unacc
unacc,unacc
unacc,unacc
unacc,unacc
unacc,unacc
unacc,unacc
unacc,unacc
unacc,unacc
unacc,unacc
unacc,unacc
unacc,unacc
unacc,unacc
unacc,unacc
unacc,unacc
unacc,unacc
unacc,unacc
unacc,unacc
unacc,unacc
unacc,unacc
unacc,unacc
unacc,unacc
unacc,unacc
unacc,unacc
unacc,unacc
unacc,unacc
unacc,unacc
unacc,unacc
unacc,unacc
unacc,unacc
unacc,unacc
unacc,unacc
unacc,unacc
unacc,unacc
unacc,unacc
unacc,unacc
unacc,unacc
unacc,unacc
unacc,unacc
unacc,unacc
unacc,unacc
unacc,unacc
unacc,unacc
unacc,unacc
unacc,unacc
unacc,unacc
unacc,unacc
unacc,unacc
unacc,unacc
unacc,unacc
unacc,unacc
unacc,unacc
unacc,unacc
unacc,unacc
unacc,unacc
unacc,unacc
unacc,unacc
unacc,unacc
unacc,unacc
unacc,unacc
unacc,unacc
unacc,unacc
unacc,unacc
unacc,unacc
acc,acc
unacc,acc
acc,acc
unacc,unacc
unacc,unacc
unacc,unacc
unacc,unacc
unacc,unacc
unacc,unacc
unacc,unacc
acc,acc
acc,acc
unacc,unacc
unacc,unacc
unacc,unacc
acc,acc
unacc,unacc
unacc,unacc
unacc,unacc
unacc,unacc
unacc,unacc
unacc,unacc
unacc,unacc
unacc,unacc
acc,acc
unacc,unacc
unacc,unacc
unacc,unacc
unacc,unacc
unacc,unacc
unacc,unacc
unacc,unacc
unacc,unacc
acc,acc
unacc,unacc
acc,acc
unacc,unacc
acc,acc
unacc,unacc
unacc,unacc
unacc,unacc
unacc,unacc
unacc,unacc
acc,acc
acc,acc
unacc,unacc
unacc,unacc
unacc,unacc
unacc,unacc
acc,acc
unacc,unacc
unacc,unacc
unacc,unacc
unacc,unacc
unacc,acc
acc,acc
unacc,unacc
acc,acc
acc,acc
unacc,unacc
unacc,unacc
unacc,unacc
unacc,unacc
acc,acc
acc,acc
unacc,unacc
unacc,unacc
acc,acc
unacc,unacc
unacc,unacc
unacc,unacc
unacc,unacc
unacc,unacc
unacc,unacc
acc,acc
unacc,unacc
acc,acc
acc,acc
acc,acc
unacc,unacc
acc,acc
unacc,unacc
acc,acc
unacc,unacc
unacc,unacc
unacc,unacc
unacc,unacc
unacc,unacc
unacc,unacc
unacc,unacc
unacc,unacc
unacc,unacc
unacc,unacc
unacc,unacc
unacc,unacc
unacc,unacc
unacc,unacc
unacc,unacc
unacc,unacc
unacc,unacc
unacc,unacc
unacc,unacc
unacc,unacc
unacc,unacc
unacc,unacc
unacc,unacc
unacc,unacc
unacc,unacc
unacc,unacc
unacc,unacc
unacc,unacc
unacc,unacc
unacc,unacc
unacc,unacc
unacc,unacc
unacc,unacc
unacc,unacc
unacc,unacc
unacc,unacc
unacc,unacc
unacc,unacc
unacc,unacc
unacc,unacc
unacc,unacc
unacc,unacc
unacc,unacc
unacc,acc
acc,acc
acc,acc
unacc,unacc
acc,acc
unacc,unacc
unacc,unacc
unacc,unacc
unacc,unacc
acc,acc
unacc,unacc
acc,acc
unacc,unacc
unacc,unacc
acc,acc
unacc,unacc
unacc,unacc
unacc,unacc
unacc,unacc
unacc,unacc
unacc,unacc
acc,acc
acc,acc
unacc,unacc
unacc,unacc
unacc,unacc
acc,acc
acc,acc
unacc,unacc
acc,acc
unacc,unacc
acc,acc
unacc,unacc
acc,acc
acc,acc
unacc,unacc
unacc,unacc
unacc,unacc
acc,acc
unacc,unacc
unacc,unacc
acc,acc
unacc,unacc
acc,acc
acc,acc
unacc,unacc
unacc,unacc
acc,acc
unacc,unacc
unacc,unacc
unacc,unacc
acc,acc
unacc,unacc
unacc,unacc
unacc,unacc
unacc,unacc
unacc,unacc
unacc,unacc
acc,acc
acc,acc
acc,acc
unacc,unacc
acc,acc
unacc,unacc
acc,acc
acc,acc
unacc,unacc
unacc,unacc
unacc,unacc
unacc,unacc
unacc,unacc
unacc,unacc
acc,acc
unacc,unacc
acc,acc
acc,acc
acc,acc
acc,acc
acc,acc
unacc,unacc
unacc,unacc
unacc,unacc
unacc,unacc
acc,acc
unacc,unacc
acc,acc
unacc,unacc
unacc,acc
unacc,unacc
unacc,unacc
unacc,unacc
unacc,unacc
acc,acc
unacc,unacc
acc,acc
unacc,unacc
acc,acc
acc,acc
acc,acc
unacc,unacc
unacc,unacc
unacc,unacc
unacc,unacc
unacc,unacc
acc,acc
acc,acc
acc,acc
unacc,unacc
acc,acc
unacc,unacc
unacc,unacc
acc,acc
acc,acc
unacc,unacc
unacc,unacc
unacc,unacc
unacc,unacc
unacc,unacc
unacc,unacc
acc,acc
acc,acc
acc,acc
unacc,unacc
acc,acc
acc,acc
acc,acc
unacc,unacc
acc,acc
unacc,unacc
acc,acc
unacc,unacc
unacc,unacc
unacc,unacc
unacc,unacc
unacc,unacc
unacc,unacc
unacc,unacc
unacc,unacc
unacc,unacc
unacc,unacc
unacc,unacc
unacc,unacc
acc,acc
unacc,unacc
unacc,unacc
unacc,unacc
unacc,unacc
unacc,unacc
unacc,unacc
unacc,unacc
unacc,unacc
unacc,unacc
unacc,unacc
acc,acc
unacc,unacc
unacc,unacc
unacc,unacc
unacc,unacc
unacc,unacc
unacc,unacc
unacc,unacc
unacc,unacc
unacc,unacc
unacc,unacc
acc,acc
acc,acc
acc,acc
unacc,unacc
unacc,unacc
unacc,unacc
unacc,unacc
acc,acc
unacc,unacc
acc,acc
acc,acc
unacc,acc
unacc,unacc
acc,acc
unacc,unacc
acc,acc
unacc,unacc
unacc,unacc
unacc,unacc
unacc,unacc
unacc,unacc
unacc,unacc
unacc,acc
acc,acc
unacc,unacc
unacc,unacc
unacc,unacc
acc,acc
acc,acc
acc,acc
unacc,unacc
unacc,unacc
unacc,unacc
unacc,unacc
unacc,unacc
unacc,unacc
acc,acc
unacc,unacc
unacc,unacc
acc,acc
unacc,unacc
unacc,unacc
unacc,unacc
unacc,unacc
unacc,unacc
unacc,unacc
acc,acc
acc,acc
unacc,unacc
acc,acc
acc,acc
acc,acc
unacc,unacc
unacc,unacc
unacc,unacc
unacc,unacc
unacc,unacc
unacc,unacc
acc,unacc
unacc,unacc
acc,good
acc,acc
unacc,unacc
acc,good
vgood,vgood
unacc,unacc
unacc,unacc
unacc,unacc
vgood,vgood
acc,acc
vgood,vgood
unacc,unacc
unacc,unacc
acc,acc
acc,acc
vgood,vgood
acc,acc
unacc,unacc
vgood,vgood
unacc,unacc
unacc,unacc
unacc,unacc
acc,acc
vgood,vgood
unacc,unacc
acc,acc
unacc,unacc
acc,acc
vgood,vgood
unacc,unacc
unacc,unacc
unacc,unacc
unacc,unacc
unacc,unacc
unacc,unacc
unacc,unacc
unacc,unacc
unacc,unacc
good,good
unacc,unacc
unacc,unacc
good,good
vgood,vgood
good,good
vgood,good
unacc,unacc
unacc,unacc
unacc,unacc
unacc,unacc
acc,acc
good,acc
good,good
acc,acc
vgood,vgood
unacc,unacc
good,good
unacc,unacc
unacc,unacc
unacc,unacc
acc,acc
unacc,unacc
good,acc
unacc,unacc
unacc,unacc
good,acc
unacc,unacc
vgood,vgood
unacc,unacc
unacc,unacc
unacc,unacc
acc,acc
unacc,unacc
unacc,acc
unacc,unacc
unacc,unacc
unacc,unacc
unacc,unacc
unacc,unacc
unacc,unacc
unacc,unacc
acc,acc
acc,acc
unacc,unacc
acc,acc
unacc,acc
unacc,unacc
acc,acc
unacc,unacc
acc,acc
acc,acc
unacc,unacc
unacc,unacc
unacc,unacc
unacc,unacc
unacc,unacc
unacc,acc
acc,acc
acc,acc
unacc,acc
acc,acc
acc,acc
acc,acc
unacc,unacc
unacc,unacc
acc,acc
unacc,acc
acc,acc
unacc,unacc
acc,acc
acc,acc
acc,acc
acc,acc
unacc,unacc
unacc,unacc
unacc,unacc
acc,unacc
acc,acc
vgood,acc
unacc,unacc
unacc,unacc
vgood,acc
unacc,unacc
unacc,unacc
unacc,unacc
unacc,unacc
unacc,unacc
acc,acc
acc,acc
acc,vgood
acc,acc
vgood,vgood
acc,acc
acc,acc
acc,acc
unacc,unacc
unacc,unacc
unacc,unacc
acc,acc
acc,acc
vgood,vgood
vgood,vgood
acc,acc
unacc,unacc
unacc,unacc
unacc,unacc
unacc,unacc
unacc,unacc
acc,acc
vgood,vgood
unacc,unacc
acc,acc
vgood,vgood
unacc,unacc
acc,acc
unacc,unacc
unacc,unacc
unacc,unacc
unacc,unacc
unacc,unacc
acc,unacc
acc,acc
good,good
unacc,unacc
vgood,vgood
unacc,good
acc,acc
good,good
unacc,unacc
unacc,unacc
unacc,unacc
acc,acc
unacc,unacc
good,good
unacc,unacc
acc,acc
unacc,unacc
vgood,good
unacc,unacc
unacc,unacc
unacc,unacc
good,good
vgood,vgood
unacc,unacc
unacc,unacc
acc,acc
unacc,unacc
good,good
unacc,unacc
good,good
unacc,unacc
unacc,unacc
unacc,unacc
unacc,unacc
unacc,unacc
unacc,unacc
vgood,vgood
unacc,unacc
good,good
unacc,unacc
good,good
unacc,unacc
unacc,unacc
unacc,unacc
unacc,unacc
unacc,unacc
acc,unacc
unacc,unacc
vgood,vgood
unacc,unacc
unacc,unacc
unacc,unacc
unacc,unacc
unacc,unacc
unacc,unacc
unacc,unacc
unacc,unacc
unacc,unacc
good,good
vgood,vgood
good,good
unacc,unacc
good,good
unacc,unacc
unacc,unacc
unacc,unacc
unacc,unacc
acc,acc
good,good
unacc,unacc
good,good
good,good
unacc,unacc
good,good
good,good
unacc,unacc
good,good
unacc,unacc
unacc,unacc
unacc,unacc
unacc,unacc
unacc,unacc
vgood,vgood
good,good
good,good
vgood,vgood
