target,predictions
unacc,unacc
unacc,unacc
unacc,unacc
unacc,unacc
unacc,unacc
unacc,unacc
unacc,unacc
unacc,unacc
unacc,unacc
unacc,unacc
unacc,unacc
unacc,unacc
unacc,unacc
unacc,unacc
unacc,unacc
unacc,unacc
unacc,unacc
unacc,unacc
unacc,unacc
unacc,unacc
unacc,unacc
unacc,unacc
unacc,unacc
unacc,unacc
unacc,unacc
unacc,unacc
unacc,unacc
unacc,unacc
unacc,unacc
unacc,unacc
unacc,acc
unacc,acc
unacc,unacc
unacc,acc
unacc,unacc
unacc,unacc
unacc,unacc
unacc,unacc
unacc,unacc
unacc,acc
unacc,unacc
unacc,unacc
unacc,unacc
unacc,unacc
acc,unacc
unacc,unacc
unacc,unacc
unacc,unacc
unacc,unacc
acc,acc
unacc,unacc
acc,acc
acc,unacc
unacc,unacc
unacc,unacc
unacc,unacc
unacc,unacc
acc,acc
unacc,unacc
acc,unacc
unacc,unacc
acc,acc
unacc,unacc
acc,unacc
acc,acc
unacc,unacc
unacc,unacc
unacc,unacc
unacc,unacc
acc,unacc
unacc,unacc
unacc,unacc
unacc,unacc
acc,unacc
unacc,unacc
acc,acc
unacc,unacc
unacc,unacc
unacc,unacc
acc,acc
acc,acc
unacc,unacc
unacc,unacc
acc,acc
unacc,unacc
unacc,unacc
unacc,unacc
unacc,unacc
unacc,unacc
unacc,unacc
unacc,unacc
unacc,unacc
unacc,unacc
unacc,unacc
unacc,unacc
unacc,unacc
unacc,unacc
unacc,unacc
unacc,unacc
unacc,acc
unacc,unacc
unacc,unacc
unacc,unacc
unacc,acc
unacc,unacc
unacc,unacc
unacc,unacc
unacc,unacc
unacc,unacc
acc,acc
acc,acc
unacc,unacc
unacc,unacc
unacc,unacc
acc,acc
unacc,unacc
unacc,unacc
unacc,unacc
unacc,unacc
unacc,unacc
acc,acc
unacc,unacc
unacc,unacc
unacc,unacc
unacc,unacc
acc,acc
acc,acc
acc,acc
unacc,unacc
unacc,unacc
unacc,unacc
unacc,acc
acc,acc
unacc,unacc
unacc,acc
acc,acc
acc,acc
unacc,unacc
unacc,acc
unacc,unacc
acc,acc
acc,acc
acc,acc
unacc,unacc
unacc,unacc
unacc,unacc
unacc,unacc
unacc,unacc
acc,acc
unacc,unacc
unacc,unacc
unacc,unacc
unacc,unacc
unacc,unacc
unacc,unacc
unacc,unacc
acc,acc
acc,acc
acc,acc
unacc,unacc
unacc,unacc
acc,acc
acc,acc
unacc,unacc
unacc,unacc
unacc,unacc
unacc,unacc
unacc,unacc
unacc,unacc
unacc,unacc
unacc,unacc
unacc,unacc
unacc,unacc
unacc,acc
unacc,unacc
unacc,unacc
acc,acc
unacc,unacc
unacc,unacc
unacc,unacc
unacc,unacc
acc,acc
acc,acc
unacc,unacc
unacc,unacc
unacc,unacc
unacc,unacc
unacc,unacc
unacc,unacc
acc,unacc
acc,acc
acc,acc
unacc,unacc
unacc,unacc
acc,acc
acc,acc
unacc,unacc
unacc,acc
acc,acc
unacc,unacc
acc,acc
unacc,unacc
unacc,unacc
unacc,unacc
unacc,acc
acc,acc
acc,acc
unacc,acc
acc,acc
unacc,unacc
unacc,unacc
unacc,acc
unacc,unacc
acc,acc
unacc,unacc
acc,unacc
acc,acc
unacc,unacc
acc,acc
vgood,acc
unacc,unacc
acc,acc
acc,acc
unacc,unacc
unacc,unacc
acc,acc
unacc,unacc
unacc,unacc
acc,acc
unacc,unacc
unacc,unacc
acc,acc
acc,acc
vgood,acc
vgood,acc
unacc,unacc
acc,acc
unacc,unacc
good,acc
unacc,unacc
unacc,unacc
unacc,unacc
unacc,unacc
acc,acc
unacc,unacc
unacc,unacc
vgood,acc
unacc,unacc
good,acc
unacc,unacc
vgood,acc
good,acc
unacc,unacc
unacc,unacc
good,acc
vgood,acc
good,acc
vgood,acc
unacc,unacc
acc,unacc
acc,unacc
unacc,unacc
acc,unacc
unacc,unacc
unacc,unacc
unacc,unacc
acc,unacc
acc,acc
unacc,unacc
unacc,unacc
unacc,unacc
unacc,unacc
unacc,unacc
acc,unacc
acc,unacc
acc,acc
unacc,unacc
unacc,unacc
unacc,unacc
acc,unacc
acc,unacc
unacc,unacc
unacc,unacc
unacc,unacc
unacc,unacc
unacc,unacc
unacc,unacc
acc,acc
acc,acc
acc,acc
unacc,unacc
unacc,unacc
unacc,unacc
unacc,unacc
unacc,unacc
unacc,unacc
unacc,unacc
unacc,unacc
unacc,unacc
unacc,unacc
unacc,unacc
unacc,unacc
unacc,unacc
unacc,unacc
vgood,acc
unacc,unacc
acc,unacc
acc,acc
unacc,unacc
unacc,unacc
unacc,unacc
good,vgood
unacc,unacc
unacc,unacc
acc,acc
unacc,unacc
acc,acc
unacc,unacc
good,acc
good,acc
unacc,unacc
vgood,vgood
unacc,unacc
good,acc
unacc,unacc
unacc,unacc
unacc,unacc
unacc,good
unacc,good
good,vgood
unacc,unacc
unacc,unacc
unacc,unacc
good,good
vgood,vgood
unacc,unacc
vgood,vgood
vgood,vgood
good,acc
unacc,unacc
unacc,unacc
good,good
unacc,unacc
good,acc
vgood,vgood
