target,test_predictions
unacc,unacc
unacc,unacc
unacc,unacc
unacc,unacc
unacc,unacc
unacc,unacc
unacc,unacc
unacc,unacc
unacc,unacc
unacc,unacc
unacc,unacc
unacc,unacc
unacc,unacc
unacc,unacc
unacc,unacc
unacc,unacc
unacc,unacc
unacc,unacc
unacc,unacc
unacc,unacc
unacc,unacc
unacc,unacc
unacc,unacc
unacc,unacc
unacc,unacc
unacc,unacc
unacc,unacc
unacc,unacc
unacc,unacc
unacc,unacc
unacc,unacc
unacc,unacc
unacc,unacc
unacc,unacc
unacc,unacc
unacc,unacc
unacc,unacc
unacc,unacc
unacc,unacc
unacc,unacc
unacc,unacc
unacc,unacc
unacc,unacc
unacc,unacc
unacc,unacc
unacc,unacc
unacc,unacc
unacc,unacc
unacc,unacc
unacc,unacc
unacc,unacc
acc,acc
unacc,unacc
acc,acc
unacc,unacc
unacc,unacc
acc,acc
unacc,unacc
acc,acc
acc,acc
unacc,unacc
unacc,unacc
unacc,unacc
acc,acc
unacc,unacc
unacc,unacc
unacc,unacc
unacc,unacc
unacc,unacc
acc,acc
acc,acc
unacc,unacc
unacc,unacc
unacc,unacc
unacc,unacc
unacc,unacc
unacc,unacc
unacc,unacc
unacc,unacc
unacc,unacc
unacc,unacc
unacc,unacc
unacc,unacc
acc,acc
unacc,unacc
acc,acc
unacc,unacc
unacc,unacc
unacc,unacc
acc,acc
unacc,unacc
acc,acc
unacc,unacc
unacc,unacc
unacc,unacc
unacc,unacc
unacc,unacc
unacc,unacc
unacc,unacc
unacc,unacc
unacc,unacc
unacc,unacc
unacc,unacc
unacc,unacc
unacc,unacc
unacc,unacc
unacc,unacc
unacc,unacc
unacc,unacc
unacc,unacc
unacc,unacc
unacc,unacc
unacc,unacc
unacc,unacc
unacc,unacc
unacc,unacc
unacc,unacc
unacc,unacc
unacc,unacc
acc,acc
unacc,unacc
unacc,unacc
acc,unacc
acc,acc
acc,acc
unacc,unacc
unacc,unacc
acc,acc
unacc,unacc
unacc,unacc
unacc,unacc
acc,acc
acc,acc
acc,acc
unacc,unacc
unacc,unacc
unacc,unacc
unacc,unacc
acc,acc
unacc,unacc
acc,acc
acc,acc
unacc,unacc
unacc,unacc
unacc,unacc
acc,acc
acc,acc
unacc,unacc
unacc,unacc
unacc,unacc
unacc,unacc
unacc,unacc
unacc,unacc
unacc,unacc
acc,acc
acc,acc
acc,acc
unacc,unacc
unacc,unacc
unacc,unacc
unacc,unacc
unacc,unacc
acc,acc
acc,acc
unacc,unacc
unacc,unacc
acc,acc
acc,acc
acc,acc
unacc,unacc
unacc,unacc
unacc,unacc
acc,acc
unacc,unacc
unacc,unacc
unacc,unacc
unacc,unacc
unacc,acc
acc,acc
unacc,unacc
acc,acc
unacc,unacc
acc,acc
unacc,unacc
unacc,unacc
unacc,unacc
acc,acc
acc,acc
unacc,unacc
acc,acc
acc,acc
acc,acc
unacc,unacc
unacc,unacc
acc,acc
unacc,unacc
acc,acc
acc,acc
acc,acc
acc,acc
unacc,unacc
unacc,unacc
unacc,unacc
acc,acc
unacc,unacc
unacc,unacc
acc,acc
acc,acc
unacc,unacc
acc,acc
unacc,unacc
vgood,vgood
unacc,unacc
unacc,unacc
unacc,unacc
unacc,unacc
acc,acc
unacc,unacc
unacc,unacc
acc,acc
acc,acc
unacc,unacc
unacc,unacc
unacc,unacc
vgood,vgood
vgood,vgood
unacc,unacc
unacc,unacc
unacc,unacc
acc,acc
acc,acc
vgood,vgood
acc,acc
unacc,unacc
unacc,unacc
unacc,unacc
unacc,unacc
good,good
unacc,unacc
unacc,unacc
unacc,unacc
good,good
unacc,unacc
unacc,unacc
acc,acc
good,good
unacc,unacc
acc,acc
unacc,unacc
unacc,unacc
unacc,unacc
vgood,vgood
vgood,vgood
unacc,unacc
good,good
unacc,unacc
unacc,unacc
unacc,unacc
unacc,unacc
unacc,unacc
unacc,unacc
acc,acc
unacc,unacc
unacc,unacc
unacc,unacc
unacc,unacc
acc,acc
unacc,unacc
unacc,unacc
acc,acc
acc,acc
acc,acc
unacc,unacc
acc,acc
acc,acc
acc,acc
unacc,unacc
unacc,unacc
unacc,unacc
unacc,unacc
unacc,unacc
unacc,unacc
unacc,unacc
acc,acc
acc,vgood
unacc,unacc
unacc,unacc
unacc,unacc
acc,acc
unacc,unacc
acc,acc
vgood,vgood
unacc,unacc
unacc,unacc
unacc,unacc
vgood,vgood
acc,acc
unacc,unacc
unacc,unacc
unacc,unacc
unacc,unacc
unacc,unacc
acc,acc
good,good
unacc,unacc
unacc,unacc
unacc,unacc
vgood,vgood
vgood,vgood
unacc,unacc
unacc,unacc
good,good
vgood,vgood
acc,acc
good,good
unacc,unacc
unacc,unacc
unacc,unacc
unacc,unacc
unacc,unacc
vgood,vgood
good,good
unacc,unacc
acc,acc
good,good
unacc,unacc
unacc,unacc
good,good
unacc,unacc
vgood,vgood
unacc,unacc
unacc,unacc
unacc,unacc
unacc,unacc
unacc,unacc
unacc,unacc
unacc,unacc
good,good
vgood,vgood
good,good
unacc,unacc
unacc,unacc
unacc,unacc
good,good
acc,acc
